<?xml version="1.0"?>
<ProcessingItem xmlns:xsd="http://www.w3.org/2001/XMLSchema" xmlns:xsi="http://www.w3.org/2001/XMLSchema-instance">
  <Name>Eckige Klammer entfernen</Name>
  <ProcessingType>ReplaceChars</ProcessingType>
  <NewCharIsNothing>true</NewCharIsNothing>
  <OldChar>91</OldChar>
  <NewChar>0</NewChar>
  <OldDateTimeFormat />
  <ConvertDateToString>false</ConvertDateToString>
  <NewDateTimeFormat />
  <DateTimeColumnIndex>0</DateTimeColumnIndex>
  <FilesizeColumnIndex>0</FilesizeColumnIndex>
  <FilesizeDecimalPlaces>2</FilesizeDecimalPlaces>
  <FilesizeKBSize>1024</FilesizeKBSize>
  <RegExPattern />
  <RegExEqualIndex>-1</RegExEqualIndex>
  <Activated>false</Activated>
</ProcessingItem>