<?xml version="1.0"?>
<ProcessingItem xmlns:xsd="http://www.w3.org/2001/XMLSchema" xmlns:xsi="http://www.w3.org/2001/XMLSchema-instance">
  <Activated>false</Activated>
  <Name>Alle Semikolons durch Unterlines ersetzen</Name>
  <ProcessingType>ReplaceChars</ProcessingType>
  <NewCharIsNothing>false</NewCharIsNothing>
  <OldChar>59</OldChar>
  <NewChar>95</NewChar>
  <OldDateTimeFormat />
  <ConvertDateToString>false</ConvertDateToString>
  <NewDateTimeFormat />
  <DateTimeColumnIndex>0</DateTimeColumnIndex>
  <FilesizeColumnIndex>0</FilesizeColumnIndex>
  <FilesizeDecimalPlaces>2</FilesizeDecimalPlaces>
  <FilesizeKBSize>1024</FilesizeKBSize>
</ProcessingItem>